{
  "nodes": [
    {
      "id": 6,
      "shape": "node",
      "type": "O",
      "highlight": "white",
      "radius": 10,
      "x": 268.267623506158,
      "y": 146.75703279811356,
      "vx": -0.10769738328078507,
      "vy": 0.07547297979386657,
      "mass": 1
    },
    {
      "id": 7,
      "shape": "node",
      "type": "C",
      "highlight": "white",
      "radius": 10,
      "x": 312.04012367092827,
      "y": 171.77784689540883,
      "vx": -0.10346641514104793,
      "vy": 0.07016642435627324,
      "mass": 1
    },
    {
      "id": 9,
      "shape": "node",
      "type": "CH₃",
      "highlight": "white",
      "radius": 10,
      "x": 356.0728413380597,
      "y": 147.25110010872845,
      "vx": -0.09623008135690492,
      "vy": 0.08067139947670102,
      "mass": 1
    }
  ],
  "lines": [
    {
      "id": 8,
      "shape": "line",
      "startNodeId": 6,
      "endNodeId": 7,
      "count": 2
    },
    {
      "id": 10,
      "shape": "line",
      "startNodeId": 7,
      "endNodeId": 9,
      "count": 1
    }
  ]
}