{
  "nodes": [
    {
      "id": 1,
      "shape": "node",
      "type": "X",
      "highlight": "white",
      "radius": 10,
      "x": 301.41226621132876,
      "y": 121.47003284660991,
      "vx": -0.005405586083287195,
      "vy": -0.016591815463393625,
      "mass": 1
    },
    {
      "id": 2,
      "shape": "node",
      "type": "CH₃",
      "highlight": "white",
      "radius": 10,
      "x": 303.70442707841676,
      "y": 171.80286006370383,
      "vx": -0.005401620261391101,
      "vy": -0.016503174575562773,
      "mass": 1
    }
  ],
  "lines": [
    {
      "id": 3,
      "shape": "line",
      "startNodeId": 1,
      "endNodeId": 2,
      "count": 1
    }
  ]
}