{
  "nodes": [
    {
      "id": 8,
      "shape": "node",
      "type": "X",
      "highlight": "white",
      "radius": 10,
      "x": 299.0912190278272,
      "y": 103.66332546815921,
      "vx": -0.0032179512443485255,
      "vy": -0.12858979504743762,
      "mass": 1
    },
    {
      "id": 61,
      "shape": "node",
      "type": "CH₂",
      "highlight": "white",
      "radius": 10,
      "x": 303.7444109386479,
      "y": 153.4975719126147,
      "vx": 0.003299327043036105,
      "vy": -0.09089933432012226,
      "mass": 1
    },
    {
      "id": 69,
      "shape": "node",
      "type": "SH",
      "highlight": "white",
      "radius": 10,
      "x": 302.9886328981043,
      "y": 203.5890137027852,
      "vx": 0.0005726585876646519,
      "vy": -0.04933898969568932,
      "mass": 1
    }
  ],
  "lines": [
    {
      "id": 62,
      "shape": "line",
      "startNodeId": 8,
      "endNodeId": 61,
      "count": 1
    },
    {
      "id": 70,
      "shape": "line",
      "startNodeId": 61,
      "endNodeId": 69,
      "count": 1
    }
  ]
}