{
  "nodes": [
    {
      "id": 33,
      "shape": "node",
      "type": "CH₃",
      "highlight": "white",
      "radius": 10,
      "x": 307.1491929191856,
      "y": 177.80833658775407,
      "vx": -0.061220186060081686,
      "vy": 0.09938427023959649,
      "mass": 1
    },
    {
      "id": 34,
      "shape": "node",
      "type": "OH",
      "highlight": "white",
      "radius": 10,
      "x": 309.59186736362994,
      "y": 127.48157842404224,
      "vx": -0.061728704601257886,
      "vy": 0.10962959695811288,
      "mass": 1
    }
  ],
  "lines": [
    {
      "id": 35,
      "shape": "line",
      "startNodeId": 33,
      "endNodeId": 34,
      "count": 1
    }
  ]
}