{
  "nodes": [
    {
      "id": 1,
      "shape": "node",
      "type": "O",
      "highlight": "white",
      "radius": 10,
      "x": 320.38348636021345,
      "y": 126.01575744920044,
      "vx": -0.13548648634137722,
      "vy": 0.21247351380603835,
      "mass": 1
    },
    {
      "id": 2,
      "shape": "node",
      "type": "R",
      "highlight": "white",
      "radius": 10,
      "x": 365.25759665006143,
      "y": 148.24854397268575,
      "vx": -0.12822659921773885,
      "vy": 0.2573493028480873,
      "mass": 1
    },
    {
      "id": 4,
      "shape": "node",
      "type": "R",
      "highlight": "white",
      "radius": 10,
      "x": 272.197856859723,
      "y": 138.87385785965313,
      "vx": -0.25455155306501387,
      "vy": 0.2622919495001397,
      "mass": 1
    }
  ],
  "lines": [
    {
      "id": 3,
      "shape": "line",
      "startNodeId": 1,
      "endNodeId": 2,
      "count": 1
    },
    {
      "id": 5,
      "shape": "line",
      "startNodeId": 1,
      "endNodeId": 4,
      "count": 1
    }
  ]
}