{
  "nodes": [
    {
      "id": 1,
      "shape": "node",
      "type": "X",
      "highlight": "white",
      "radius": 10,
      "x": 301.89837019164383,
      "y": 122.98469390243109,
      "vx": -0.01011145138175447,
      "vy": -0.031893575219859124,
      "mass": 1
    },
    {
      "id": 2,
      "shape": "node",
      "type": "H",
      "highlight": "white",
      "radius": 10,
      "x": 304.19017736720514,
      "y": 173.30955166485373,
      "vx": -0.01010517801557894,
      "vy": -0.0317502008824012,
      "mass": 1
    }
  ],
  "lines": [
    {
      "id": 3,
      "shape": "line",
      "startNodeId": 1,
      "endNodeId": 2,
      "count": 1
    }
  ]
}