{
  "nodes": [
    {
      "id": 94,
      "shape": "node",
      "type": "X",
      "highlight": "white",
      "radius": 10,
      "x": 289.0754151487179,
      "y": 59.409017562023976,
      "vx": 0.11274694782545418,
      "vy": 0.4100992411463813,
      "mass": 1
    },
    {
      "id": 95,
      "shape": "node",
      "type": "CH₂",
      "highlight": "white",
      "radius": 10,
      "x": 289.6964526820711,
      "y": 110.65949012176252,
      "vx": 0.11518027642135328,
      "vy": 0.3554013324260577,
      "mass": 1
    },
    {
      "id": 134,
      "shape": "node",
      "type": "COOH",
      "highlight": "white",
      "radius": 10,
      "x": 292.28046680038995,
      "y": 161.69223666636066,
      "vx": 0.11038630210626126,
      "vy": 0.30199683212955564,
      "mass": 1
    }
  ],
  "lines": [
    {
      "id": 96,
      "shape": "line",
      "startNodeId": 94,
      "endNodeId": 95,
      "count": 1
    },
    {
      "id": 135,
      "shape": "line",
      "startNodeId": 95,
      "endNodeId": 134,
      "count": 1
    }
  ]
}