{
  "nodes": [
    {
      "id": 36,
      "shape": "node",
      "type": "CH₃",
      "highlight": "white",
      "radius": 10,
      "x": 298.056276437988,
      "y": 198.35203136141445,
      "vx": 0.041313077825513016,
      "vy": 0.1555881719306258,
      "mass": 1
    },
    {
      "id": 37,
      "shape": "node",
      "type": "CH₂",
      "highlight": "white",
      "radius": 10,
      "x": 298.6099454993342,
      "y": 147.97778798370274,
      "vx": 0.04090489537425217,
      "vy": 0.15436258000554082,
      "mass": 1
    },
    {
      "id": 39,
      "shape": "node",
      "type": "OH",
      "highlight": "white",
      "radius": 10,
      "x": 296.47859943961913,
      "y": 97.59292769237796,
      "vx": 0.041830175723489765,
      "vy": 0.15364887282376874,
      "mass": 1
    }
  ],
  "lines": [
    {
      "id": 38,
      "shape": "line",
      "startNodeId": 36,
      "endNodeId": 37,
      "count": 1
    },
    {
      "id": 40,
      "shape": "line",
      "startNodeId": 37,
      "endNodeId": 39,
      "count": 1
    }
  ]
}