{
  "nodes": [
    {
      "id": 8,
      "shape": "node",
      "type": "X",
      "highlight": "white",
      "radius": 10,
      "x": 297.38452607164436,
      "y": 82.68946118734053,
      "vx": 0.032223492603521295,
      "vy": 0.3754585755574558,
      "mass": 1
    },
    {
      "id": 59,
      "shape": "node",
      "type": "CH₂OH",
      "highlight": "white",
      "radius": 10,
      "x": 300.12860523456993,
      "y": 133.2054759068742,
      "vx": 0.032110579615397795,
      "vy": 0.3734545160805431,
      "mass": 1
    }
  ],
  "lines": [
    {
      "id": 60,
      "shape": "line",
      "startNodeId": 8,
      "endNodeId": 59,
      "count": 1
    }
  ]
}